TICKER,NAME,MATERIALID,CATEGORYID,CATEGORYNAME,WEIGHT,VOLUME
AAR,antennaArray,d4a247f1ae7a17b6e80057866ecdf90d,19d621bb3f297c0425e34cdf0b138ece,electronic devices,0.7799999713897705,0.5
ABH,advancedBulkhead,274e35935b4ba9f4032f657b0ab6e0e5,ef423f673d9e8c82043b4c5c63f6b55e,construction prefabs,0.6000000238418579,0.8999999761581421
ACS,automatedCoolingSystem,a7a19eb0c3f253884c901bf1d05f2369,1e1a3a579c46d5f9c4e9959650c6b7a3,electronic systems,0.30000001192092896,0.20000000298023224
ADE,advancedDeckElements,bf1f62e450627f2db02884657c399284,ef423f673d9e8c82043b4c5c63f6b55e,construction prefabs,0.4000000059604645,1.5
ADR,autoDoc,f99a1c9a730d92fd78b7dc7c2d710060,ef05c6b81cf109f142dd415ce6d36e67,medical equipment,0.10000000149011612,0.10000000149011612
ADS,audioDistributionSystem,03133ed742ebc355fb01a1b363d48a70,1e1a3a579c46d5f9c4e9959650c6b7a3,electronic systems,0.699999988079071,2.0
AEF,aerostatFoundation,5fa39c2298568262540bf6579feb017e,f8aebc7dd84ce14fae131aa0203d4498,construction parts,2.0,5.0
AEN,advancedEngine,6f5e5b36f990caafe0b6eae133084930,16b943147bb16fe84c0d62de8a4316a7,ship engines,14.0,7.0
AFP,advancedFuelPump,f02fe7ddd1a92d3b7968fdbc40f8447e,16b943147bb16fe84c0d62de8a4316a7,ship engines,1.0,0.25
AFR,advancedFuelRod,b591180c0f681910b0e29ade88b6be62,16b943147bb16fe84c0d62de8a4316a7,ship engines,0.4000000059604645,0.10000000149011612
AGS,advancedHighgSeats,0a37a0d116f1271b285b7304e413733b,d23b9225010ad7978e5496e55359e19b,ship parts,30.0,5.0
AHP,advancedHullPlate,686d319fc72c05510a884292da6cb664,d23b9225010ad7978e5496e55359e19b,ship parts,10.0,10.0
AIR,airScrubber,cbfa90b487f0d79023e11da44f052f96,f8aebc7dd84ce14fae131aa0203d4498,construction parts,1.7000000476837158,3.0
AL,aluminium,ed72545a5db1f16430d79a240dc61e6c,cae48680d4c4e6f98d593a8c3778cb56,metals,2.700000047683716,1.0
ALE,technicianLuxuryDrink,cd0c4bd7aae87c7e402d359b6e908b05,8a0bd8b6a329c3d632da9da63c818b3d,consumables (luxury),0.10000000149011612,0.10000000149011612
ALG,proteinAlgae,ec6fe0efa83e52fd59f248a069aee9bb,510e7751c0eb6a51fd0fa73565365d1c,agricultural products,0.699999988079071,1.0
ALO,aluminiumOre,04f72b0c957b769c6d45c011e9c9b4b5,4c0430b40fbf7fa175ed4a5a13682c6f,ores,1.350000023841858,1.0
ALR,alurhenium,5ddd503694fc9c42013e2cf2ca3b85af,37e95782d80aa1c1ded89f2c4b834dd0,alloys,3.5999999046325684,1.0
AMM,ammonia,bcf4a2029e461cf76d29de8c66ec2ff9,54dec1e42eba44dda423dd774393326a,gases,0.8600000143051147,1.0
ANZ,advancedNozzle,5de316b11d1e8f5dc142665ae979ec19,16b943147bb16fe84c0d62de8a4316a7,ship engines,6.0,3.0
APT,advancedHeatShield,815b7171c7647a71758ff3a13bd303a9,a8e32e7e16219394989aea62fc0cd943,ship shields,0.029999999329447746,0.30000001192092896
AR,argon,a014493f8716f1636704dc836acc66ec,54dec1e42eba44dda423dd774393326a,gases,1.784000039100647,1.0
ARP,advancedRadiationShielding,e73f2311d23a1dc4e096d2cf389e5ee2,a8e32e7e16219394989aea62fc0cd943,ship shields,0.03999999910593033,0.20000000298023224
ASE,advancedStructuralElements,c83a4fc74233f9ffac3f5b7b7b83dce5,ef423f673d9e8c82043b4c5c63f6b55e,construction prefabs,0.5,0.6000000238418579
AST,aluminiumTitaniumAlloy,5a3934eb6d4ffc642fab7a358c3fb1b8,37e95782d80aa1c1ded89f2c4b834dd0,alloys,4.980000019073486,1.0
ATA,advancedWindow,a531fd67223d12e94103dff359c50e0d,ef423f673d9e8c82043b4c5c63f6b55e,construction prefabs,0.30000001192092896,0.4000000059604645
ATP,advancedThermalProtectionMaterial,7bfabb5b93eb7a287206e062ce829e29,d23b9225010ad7978e5496e55359e19b,ship parts,2.9000000953674316,1.0
AU,gold,de74e4c1ab68d0889a7204f154153da1,cae48680d4c4e6f98d593a8c3778cb56,metals,19.31999969482422,1.0
AUO,goldOre,3efc94d2a18702eee04ba2850bdb9bef,4c0430b40fbf7fa175ed4a5a13682c6f,ores,3.859999895095825,1.0
AWF,waterFilter,e40f3373c1b7c0158d69ee9adfe612b1,19d621bb3f297c0425e34cdf0b138ece,electronic devices,0.800000011920929,1.2000000476837158
AWH,advancedWhippleShielding,8284845e663b10975f8eec5f4426ec29,a8e32e7e16219394989aea62fc0cd943,ship shields,0.11999999731779099,1.0
BAC,bacteria,6daa4e4e074e1af8fb74458fe2196124,9b32ea2333917ee2632ba7ae7675643f,chemicals,0.15000000596046448,0.15000000596046448
BAI,basicAiFramework,6224081a169a0951a9cac7553d601ba7,ebec0c297d5b499a84dd051fa6f7c8ec,software components,0.0010000000474974513,0.009999999776482582
BBH,basicBulkhead,63b98e9700f6630cbfd9c824e0882388,ef423f673d9e8c82043b4c5c63f6b55e,construction prefabs,0.5,0.800000011920929
BCO,copperConnectors,7bd03426f1ced7f6aa13a6195f494930,5e022d8f199de1c70f8de4dfd2fdef64,electronic pieces,0.004999999888241291,0.0020000000949949026
BDE,basicDeckElements,420b38d32301dfe56403d1f3967d5b86,ef423f673d9e8c82043b4c5c63f6b55e,construction prefabs,0.10000000149011612,1.5
BE,beryllium,d3c0b6280da00e2ab4ee1ea6046cb488,ef1d03e7ef924395c2173fc4e4ee8a6f,elements,1.840000033378601,1.0
BEA,proteinBeans,e97e2535fec019710299709a7462c066,510e7751c0eb6a51fd0fa73565365d1c,agricultural products,0.800000011920929,1.0
BER,beryl,fc9e1183c47d97315434a8b2c768d35c,79f3917448cc4f6034ece865c41aea34,minerals,1.9199999570846558,1.0
BFP,basicFuelPump,3798c56adc243fe2b25d988139939d8d,16b943147bb16fe84c0d62de8a4316a7,ship engines,0.800000011920929,0.20000000298023224
BFR,basicFuelRod,206d41a1981a67025be0299c67943607,16b943147bb16fe84c0d62de8a4316a7,ship engines,0.30000001192092896,0.10000000149011612
BGC,blueGoldConnectors,115e4c08cdd519c175ca3d58af562c1e,5e022d8f199de1c70f8de4dfd2fdef64,electronic pieces,0.009999999776482582,0.0020000000949949026
BGO,goldIronAlloy,b2ca8883f60fb72011ad33855c531f3a,37e95782d80aa1c1ded89f2c4b834dd0,alloys,19.31999969482422,1.0
BGS,basicHighgSeats,9375c2dbd1de92b8ec107677bfeda193,d23b9225010ad7978e5496e55359e19b,ship parts,20.0,3.0
BHP,basicHullPlate,c03644ad9e74ee585b1148f608010003,d23b9225010ad7978e5496e55359e19b,ship parts,9.0,10.0
BID,fullBodyInteractionDevice,1dc2dcd0be19e4272767510d3392fe36,19d621bb3f297c0425e34cdf0b138ece,electronic devices,0.05000000074505806,0.05000000074505806
BL,breathableLiquid,aa4fb3a0d1c1cf17199f436b12c59b69,9b32ea2333917ee2632ba7ae7675643f,chemicals,1.1200000047683716,1.0
BLE,bleach,5745aed2f78b303ee96528213f99ec9f,9b32ea2333917ee2632ba7ae7675643f,chemicals,0.5,0.5
BMF,mainFrameBlank,47952dfcb98b6d573fd3e9461cfdddcf,19d621bb3f297c0425e34cdf0b138ece,electronic devices,0.800000011920929,1.2000000476837158
BND,bandages,26c6a0defb9109b7ac3fab559b9d4f65,ef05c6b81cf109f142dd415ce6d36e67,medical equipment,0.0010000000474974513,0.004999999888241291
BOR,boronCrystals,fba7294b0f74a4a2527f5a7049c70120,79f3917448cc4f6034ece865c41aea34,minerals,1.7999999523162842,1.0
BOS,borosilicate,08adb8c8b129d07b85919cff2fdc2c0d,37e95782d80aa1c1ded89f2c4b834dd0,alloys,1.5,1.0
BPT,basicHeatShield,5dee73eea0e8e99a6564a011ddc80880,a8e32e7e16219394989aea62fc0cd943,ship shields,0.019999999552965164,0.30000001192092896
BR1,commandBridge1,70504de53ce6b9348f725e442586d75c,2c6ca18d24e03fc9250d8ca7d577568b,unit prefabs,180.0,300.0
BR2,commandBridge2,73e30b806837b71692e2857fd9aff667,2c6ca18d24e03fc9250d8ca7d577568b,unit prefabs,280.0,400.0
BRM,bioreactiveMineral,e97bde9e60d4c60a16205d2c859eda62,79f3917448cc4f6034ece865c41aea34,minerals,2.5,1.0
BRO,copperAluminiumAlloy,069cfa526ddedea57b71adc0d4556c21,37e95782d80aa1c1ded89f2c4b834dd0,alloys,8.729999542236328,1.0
BRP,basicRadiationShielding,6070c50f7e58a7db432416085531a01b,a8e32e7e16219394989aea62fc0cd943,ship shields,0.029999999329447746,0.20000000298023224
BRS,commandBridgeShort,bfef679d7f2ac72b24c2a277fdf072ef,2c6ca18d24e03fc9250d8ca7d577568b,unit prefabs,150.0,200.0
BSC,bodyScanner,c8a952f1ae3dbd4be8a72741efa29880,19d621bb3f297c0425e34cdf0b138ece,electronic devices,0.10000000149011612,0.10000000149011612
BSE,basicStructuralElements,6bbdf7d0503153753c8cb23653a4d22b,ef423f673d9e8c82043b4c5c63f6b55e,construction prefabs,0.30000001192092896,0.5
BSU,biosphereUnit,fdb85e688cf7f229f20c8e819c4cab9f,2c6ca18d24e03fc9250d8ca7d577568b,unit prefabs,50.0,50.0
BTA,basicWindow,334f3510e3265410da15174160fbf8f5,ef423f673d9e8c82043b4c5c63f6b55e,construction prefabs,0.30000001192092896,0.4000000059604645
BTS,tungstenResource,72b87b633c828f417737f5e2e473083d,473218d3618453bf25d2cd0b5616a72f,liquids,1.0499999523162842,1.0
BWH,basicWhippleShielding,42e71bbfad2d69d9716ba14e653f50d4,a8e32e7e16219394989aea62fc0cd943,ship shields,0.10000000149011612,1.0
BWS,workstationBlank,dca85bbac276e8688496bd8ae06b1185,19d621bb3f297c0425e34cdf0b138ece,electronic devices,0.05000000074505806,0.10000000149011612
C,carbon,4bbcc7dc5dd16e9af90528ed04d9c6ba,ef1d03e7ef924395c2173fc4e4ee8a6f,elements,2.25,1.0
CA,calcium,d4b42f6606b6f9d7ca1aea9295154288,ef1d03e7ef924395c2173fc4e4ee8a6f,elements,1.5399999618530273,1.0
CAF,caffeinatedBeans,363f35e6ebb48062872112416e49424c,510e7751c0eb6a51fd0fa73565365d1c,agricultural products,0.8600000143051147,1.0
CAP,capacitor,2db0ebcc44d7df90defe67cc63903a76,5e022d8f199de1c70f8de4dfd2fdef64,electronic pieces,0.0010000000474974513,0.0010000000474974513
CBL,largeCapacitorBank,7c21fd74ca3684f0df5470d774e694a3,0509ed0a396f5a004d24ef08e33786fb,energy systems,5.400000095367432,2.4000000953674316
CBM,mediumCapacitorBank,284020181d5731f5119fd98352061ad5,0509ed0a396f5a004d24ef08e33786fb,energy systems,3.5999999046325684,1.600000023841858
CBS,smallCapacitorBank,46fef6e8b458e46414345cf8248410c3,0509ed0a396f5a004d24ef08e33786fb,energy systems,1.7999999523162842,0.800000011920929
CBU,scientistBundle,1eaaffac98a9a50276e29cf675f43ec9,1237e1d7ac57367e39b6a2406ca4dadc,consumable bundles,54.0,47.0
CC,climateController,c3851a633c5e8c625bfe332e79af7360,1e1a3a579c46d5f9c4e9959650c6b7a3,electronic systems,0.5,1.0
CCD,crowdControlDrone,e0bc5afdf3ca754592f454fdbd813c74,6eb09f14ed9fec3d0407114be8bc8882,drones,0.30000001192092896,0.05000000074505806
CD,touchScreen,cb9bcbcc36de690abcafb9d5cc944cd4,8e15000dfbda2f46ce73458deaeeb358,electronic parts,0.004000000189989805,0.0020000000949949026
CF,ceramicFabric,c8cc72aa9babd2ca382be2f358202587,7028d7d532ccd4c6c878b069e7bbb634,textiles,2.819999933242798,1.0
CHA,combustionChamber,099fe9e22a3c6238629445fe518b58ff,16b943147bb16fe84c0d62de8a4316a7,ship engines,1.2000000476837158,0.699999988079071
CL,chlorine,19be1b1e67efe63de8127d057508fe0c,ef1d03e7ef924395c2173fc4e4ee8a6f,elements,3.200000047683716,1.0
CLI,caliche,4d2a6c0cf6eb404cda3b35820bcbe453,79f3917448cc4f6034ece865c41aea34,minerals,2.4200000762939453,1.0
CMK,coreModuleKit,67eab8960fc6262250335978d64c9e80,156bbcce730fba6169338d560f05fd26,construction materials,4.559999942779541,33.20000076293945
COF,pioneerLuxuryDrink,9842ad8d9dfdf8e4c2e80117e7b5ebaf,8a0bd8b6a329c3d632da9da63c818b3d,consumables (luxury),0.10000000149011612,0.10000000149011612
COM,communicationSystem,ee0e83e198391b1c9affe29ac07623b0,1e1a3a579c46d5f9c4e9959650c6b7a3,electronic systems,0.5,1.5
COT,cottonProcessed,7aeed35adeb209ebdb4985f451ed3e46,7028d7d532ccd4c6c878b069e7bbb634,textiles,0.7699999809265137,1.0
CPU,cryopreservationUnit,7bcbe9bbdebb94ec145d614baf8e65f5,2c6ca18d24e03fc9250d8ca7d577568b,unit prefabs,20.0,20.0
CQL,crewQuarters,e04f3be303b7dabe50ef92a354070891,2c6ca18d24e03fc9250d8ca7d577568b,unit prefabs,75.0,150.0
CQM,crewQuartersMed,128870a0d62fc67b9d562bb40ddf3922,2c6ca18d24e03fc9250d8ca7d577568b,unit prefabs,50.0,100.0
CQS,crewQuartersSmall,9f4c5f6a328a1bef6a989c7ea6b21fb9,2c6ca18d24e03fc9250d8ca7d577568b,unit prefabs,25.0,50.0
CQT,crewQuartersTiny,2a75ecd980c6edd020d71a8b8948aa6a,2c6ca18d24e03fc9250d8ca7d577568b,unit prefabs,12.5,25.0
CRU,cryoUnit,3e9e003ed20e4a62eb811a8a50223a65,1e1a3a579c46d5f9c4e9959650c6b7a3,electronic systems,2.200000047683716,2.0
CST,cryogenicFluid,5a41a18d80ddc6982b61f5d2df496358,9b32ea2333917ee2632ba7ae7675643f,chemicals,1.1399999856948853,1.0
CTF,ceramicTungstenFabric,5b959b6c0c20016402811352969960c0,7028d7d532ccd4c6c878b069e7bbb634,textiles,4.320000171661377,1.0
CU,copper,495ffb5105f367b76b1310c1d6736ac9,cae48680d4c4e6f98d593a8c3778cb56,metals,8.920000076293945,1.0
CUO,copperOre,b25e1857f8234dc9779d83d7abea3d77,4c0430b40fbf7fa175ed4a5a13682c6f,ores,4.010000228881836,1.0
DA,dataAnalyzer,6da55ef2896023daf2a2f119895e2078,1dfe943824ceb52d332b4650ce457218,software tools,0.0010000000474974513,0.009999999776482582
DCH,droneChassis,751120b64901019887c843e4125cd571,6eb09f14ed9fec3d0407114be8bc8882,drones,0.20000000298023224,0.029999999329447746
DCL,largeDeviceCover,d4c590dd12f7fbd0f3533c27da6c9f19,6316282906a9f68b0c7bb4396a26aa95,plastics,0.07999999821186066,0.800000011920929
DCM,mediumDeviceCover,36d0064e2b9415e1a1214aed16b17ed2,6316282906a9f68b0c7bb4396a26aa95,plastics,0.03999999910593033,0.4000000059604645
DCS,smallDeviceCover,52b88b137a9f71a66a0ff41aaa7075a5,6316282906a9f68b0c7bb4396a26aa95,plastics,0.009999999776482582,0.10000000149011612
DD,distributedDatabase,c100446dafeb6899f37f97217e8409af,1dfe943824ceb52d332b4650ce457218,software tools,0.0010000000474974513,0.009999999776482582
DDT,pesticides,fe5be65546733ffa4f619bbc76ac532d,9b32ea2333917ee2632ba7ae7675643f,chemicals,0.10999999940395355,0.10000000149011612
DEC,decorativeElements,1ddffd7f8b1ff5391113582ffac2eff0,f8aebc7dd84ce14fae131aa0203d4498,construction parts,0.5,2.0
DIS,twoDimensionalDisplay,71437224d7590e8ff92265a56cb70dee,8e15000dfbda2f46ce73458deaeeb358,electronic parts,0.019999999552965164,0.019999999552965164
DOU,droneOperationsUnit,3da2d0cffdac26559504aa8fadfcdee2,2c6ca18d24e03fc9250d8ca7d577568b,unit prefabs,5.0,4.0
DRF,droneFrame,ab5016ca0c184474d80e00ee5f8a8b66,6eb09f14ed9fec3d0407114be8bc8882,drones,0.10000000149011612,0.019999999552965164
DV,dataVisualizer,005936105ae3d0f6197349ad693e9240,1dfe943824ceb52d332b4650ce457218,software tools,0.0010000000474974513,0.009999999776482582
DW,drinkingWater,4fca6f5b5e6c3b8a1b887c6dc99db146,3f047ec3043bdd795fd7272d6be98799,consumables (basic),0.10000000149011612,0.10000000149011612
EBU,engineerBundle,6a04f7cdbb83b9f6253b01ebb08f2e0e,1237e1d7ac57367e39b6a2406ca4dadc,consumable bundles,51.0,46.0
EDC,entertainmentDataCore,a36d549d1340c1d489cc4a9ccccf22d0,1dfe943824ceb52d332b4650ce457218,software tools,0.0010000000474974513,0.009999999776482582
EES,enrichedEinsteinium,082332472d3285c985367678a5716e71,9b32ea2333917ee2632ba7ae7675643f,chemicals,9.199999809265137,1.0
ENG,standardEngine,39cbe35342c34d16bc02009130920bb4,16b943147bb16fe84c0d62de8a4316a7,ship engines,8.0,4.0
EPO,epoxy,78321af6ac08c494186fafff3965034f,156bbcce730fba6169338d560f05fd26,construction materials,0.03999999910593033,0.019999999552965164
ES,einsteinium,a528afba5c7d4bf1fd2f2c69fc7f247f,ef1d03e7ef924395c2173fc4e4ee8a6f,elements,0.8799999952316284,0.10000000149011612
ETC,enrichedTechnetium,a9d7758454f7a446565e3ce1cd49386a,9b32ea2333917ee2632ba7ae7675643f,chemicals,4.099999904632568,1.0
EXO,settlerClothing,87dd9b56a69e118e8c778de2dce11e8c,3f047ec3043bdd795fd7272d6be98799,consumables (basic),0.10000000149011612,0.05000000074505806
F,fluorine,ee320953d3d725c83bfbc594449979a2,54dec1e42eba44dda423dd774393326a,gases,1.6959999799728394,1.0
FAL,aluminiumIronAlloy,78b8206e505d8970f0d9a8f56885ec97,37e95782d80aa1c1ded89f2c4b834dd0,alloys,3.2200000286102295,1.0
FAN,coolingFan,09a313c77887ec04c209c0153f7dee75,8e15000dfbda2f46ce73458deaeeb358,electronic parts,0.10000000149011612,0.10000000149011612
FC,flowControl,a2b6316f3bc85f3e1b05ae36e49faa4c,f8aebc7dd84ce14fae131aa0203d4498,construction parts,0.5,0.25
FE,iron,7921cd20f7add0b26ff77f76e3e911f8,cae48680d4c4e6f98d593a8c3778cb56,metals,7.874000072479248,1.0
FEO,ironOre,b9640b0d66e7d0ca7e4d3132711c97fc,4c0430b40fbf7fa175ed4a5a13682c6f,ores,5.900000095367432,1.0
FET,ironTitaniumAlloy,d7ac798b0457e67da544fbccfa9367f6,37e95782d80aa1c1ded89f2c4b834dd0,alloys,6.849999904632568,1.0
FF,ftlFuel,7a2a12cd6872b89a6b97532618788a4d,ba98fa0cf77040a96cd8a608ad0d08e9,fuels,0.05000000074505806,0.009999999776482582
FFC,ftlFieldController,11cfa0cf3614e7a2405a31039c44632e,1e1a3a579c46d5f9c4e9959650c6b7a3,electronic systems,50.0,16.0
FIM,engineerFood,73e138a825968b0132230d02591af63f,3f047ec3043bdd795fd7272d6be98799,consumables (basic),0.550000011920929,0.5
FIR,fissionReactor,c2ea542d15989d97a9d1b9c89f2b0b07,16b943147bb16fe84c0d62de8a4316a7,ship engines,7.0,4.900000095367432
FLO,floatingTank,cc12f1c859c25f13867485ea395f34c0,f8aebc7dd84ce14fae131aa0203d4498,construction parts,1.0,2.0
FLP,fluidPiping,f1d402957a88fd396f302372a6912158,f8aebc7dd84ce14fae131aa0203d4498,construction parts,0.30000001192092896,2.0
FLX,flux,51c829b6e62e70223024ffa6688db9f7,9b32ea2333917ee2632ba7ae7675643f,chemicals,0.25,0.10000000149011612
FOD,allPurposeFodder,c54c5f96af3bec918be316b4469307cb,510e7751c0eb6a51fd0fa73565365d1c,agricultural products,1.2000000476837158,1.0
FSE,fuelSavingEngine,d643ca86b7ddbc8ab087ac9e2fcb0980,16b943147bb16fe84c0d62de8a4316a7,ship engines,6.0,3.0
FUN,entertainmentUnit,10469071872e3221bb8ec42c79368f96,2c6ca18d24e03fc9250d8ca7d577568b,unit prefabs,5.0,4.0
GAL,galerite,c5236c5b79b9e75ddbce16887aeda338,79f3917448cc4f6034ece865c41aea34,minerals,2.509999990463257,1.0
GC,gasContainer,ce50248c2878dc89de170da84bbee064,f8aebc7dd84ce14fae131aa0203d4498,construction parts,0.05000000074505806,0.10000000149011612
GCH,glassCombustionChamber,8665fabacd64adfbc74ee255b00ae019,16b943147bb16fe84c0d62de8a4316a7,ship engines,1.0,0.6000000238418579
GEN,glassEngine,4c38903fc8fd2f87b1877ab9d47cb57e,16b943147bb16fe84c0d62de8a4316a7,ship engines,5.0,3.0
GIN,engineerLuxuryDrink,a9c439ab4a206915c370ad05e0af62d9,8a0bd8b6a329c3d632da9da63c818b3d,consumables (luxury),0.10000000149011612,0.10000000149011612
GL,translucentMaterial,fbb04a8587195e52ce6df8bc238675dd,156bbcce730fba6169338d560f05fd26,construction materials,0.01600000075995922,0.009999999776482582
GNZ,glassNozzle,77638e63e83ace0a7e33667d362a3a91,16b943147bb16fe84c0d62de8a4316a7,ship engines,1.5,1.0
GRA,grapes,ccef250eff466c569c12c2b711a0d5c2,510e7751c0eb6a51fd0fa73565365d1c,agricultural products,1.100000023841858,1.0
GRN,carbohydrateGrains,83d83e8cf6fb9018ae7138a1b5d4b19c,510e7751c0eb6a51fd0fa73565365d1c,agricultural products,0.8999999761581421,1.0
GV,gasVent,67516facbdb77c8d6fe49162f2ca3917,f8aebc7dd84ce14fae131aa0203d4498,construction parts,0.25,0.15000000596046448
GWS,gatewaySegment,2595868f51acc0889a1b15c2e757176b,5aac3f26a7e93c5999cfa593dcddd4e1,infrastructure,5000.0,5000.0
H,hydrogen,c04de28c3e717f236d6ed177b89d9523,54dec1e42eba44dda423dd774393326a,gases,0.07000000029802322,1.0
H2O,water,ec8dbb1d3f51d89c61b6f58fdd64a7f0,473218d3618453bf25d2cd0b5616a72f,liquids,0.20000000298023224,0.20000000298023224
HAB,habitatUnit,cbe44387c37259ac71716382c0016bbf,2c6ca18d24e03fc9250d8ca7d577568b,unit prefabs,10.0,8.0
HAL,halite,7e3f98a49ce2d3c8361975de8b4bbea4,79f3917448cc4f6034ece865c41aea34,minerals,2.1700000762939453,1.0
HAM,habitationModule,7e3db35fdccce745cede7b1b636f3cb1,d23b9225010ad7978e5496e55359e19b,ship parts,1200.0,1200.0
HCB,hugeCargoBay,0b6a3cf120eac87d6a4bb21ad41371a1,b7102e43e58120a254cf161c226d4177,ship kits,500.0,500.0
HCC,redGoldConnectors,eab56d3d6b0742ccbf19a7e955209b0e,5e022d8f199de1c70f8de4dfd2fdef64,electronic pieces,0.009999999776482582,0.0020000000949949026
HCP,hydrocarbonPlants,c76b4100059661084315938999623c26,510e7751c0eb6a51fd0fa73565365d1c,agricultural products,0.800000011920929,1.0
HD,holographicDisplay,9409ba6022b2767eb16bbee6d680cf8c,19d621bb3f297c0425e34cdf0b138ece,electronic devices,0.05000000074505806,2.0
HE,helium,e9dc6ec89adb62b9ef83031d89e3ce99,54dec1e42eba44dda423dd774393326a,gases,0.14499999582767487,1.0
HE3,helium3,4e10b93baa6166496b204e0531347959,54dec1e42eba44dda423dd774393326a,gases,0.14499999582767487,1.0
HER,herbs,1a1f13b7fc3e0fb6aa292b7c28764f93,510e7751c0eb6a51fd0fa73565365d1c,agricultural products,0.4000000059604645,1.0
HEX,heliotropeExtract,2adebc00bf7efaa693021426a68a3e65,473218d3618453bf25d2cd0b5616a72f,liquids,1.100000023841858,1.0
HHP,hardenedHullPlate,bb576032a158719b514c2b3f3e87e30a,d23b9225010ad7978e5496e55359e19b,ship parts,10.0,10.0
HMS,technicianClothing,5b0e02208dbbb99695707001d626963a,3f047ec3043bdd795fd7272d6be98799,consumables (basic),0.05000000074505806,0.05000000074505806
HNZ,hyperthrustNozzle,f4316553b9594a88e21536a897f0cab4,16b943147bb16fe84c0d62de8a4316a7,ship engines,6.0,12.0
HOG,holographicGlasses,488a45ca9f9a3be0bbbe7b4f53ef5b31,19d621bb3f297c0425e34cdf0b138ece,electronic devices,0.009999999776482582,0.009999999776482582
HOP,antibacterialTreeFlowers,d7a9a96a18f278aa7c3f9af30fc68d19,510e7751c0eb6a51fd0fa73565365d1c,agricultural products,0.3499999940395355,1.0
HPC,touchDeviceBlank,3795b86284befb6c493ccd380258c970,19d621bb3f297c0425e34cdf0b138ece,electronic devices,0.003000000026077032,0.003000000026077032
HPR,highPowerReactor,93a78d6bcf54aef3f2ea93f1238ce79a,16b943147bb16fe84c0d62de8a4316a7,ship engines,16.0,15.0
HSE,hardenedStructuralElements,ec3491b37050a8c780dc514033131843,ef423f673d9e8c82043b4c5c63f6b55e,construction prefabs,3.0999999046325684,0.699999988079071
HSS,engineerClothing,379f7bc12b6d2800c0a9f72c4943628b,3f047ec3043bdd795fd7272d6be98799,consumables (basic),0.05000000074505806,0.05000000074505806
HTE,hyperthrustEngine,7075b9314a25ea13f973a1f2d2dad18e,16b943147bb16fe84c0d62de8a4316a7,ship engines,16.0,10.0
HYR,hyperPowerReactor,844341ef73a82d657b64050be2632c53,16b943147bb16fe84c0d62de8a4316a7,ship engines,25.0,25.0
I,iodine,18237d01e53d08212ee0b67dc1ad3df1,ef1d03e7ef924395c2173fc4e4ee8a6f,elements,4.929999828338623,1.0
IDC,informationDataCore,5cd2b3729f1de46d80cbf7300c905bef,9e8bc2a092cc3361b6949eca3e95921a,software systems,0.0010000000474974513,0.009999999776482582
IMM,informationManagementSystem,6f09054d36298a23458bfb9942aea6ac,9e8bc2a092cc3361b6949eca3e95921a,software systems,0.0010000000474974513,0.009999999776482582
IND,indigo,01dfc4e798680d1174fd785db6578627,9b32ea2333917ee2632ba7ae7675643f,chemicals,0.20999999344348907,0.20000000298023224
INS,insuFoam,b88aaf3dba6caa7e6d437e49e7620f0b,156bbcce730fba6169338d560f05fd26,construction materials,0.05999999865889549,0.10000000149011612
JUI,sedativeSubstance,f8fdd918a757d6a9888f544e3375e585,9b32ea2333917ee2632ba7ae7675643f,chemicals,1.2000000476837158,1.0
KOM,settlerLuxuryDrink,a1d1d61f8085de53455dd4e8a7813788,8a0bd8b6a329c3d632da9da63c818b3d,consumables (luxury),0.10000000149011612,0.10000000149011612
KR,krypton,82cd82533fdfb68b315bd8697a241b55,54dec1e42eba44dda423dd774393326a,gases,2.799999952316284,1.0
KRE,kryptonium,8d05c8c4bac264bc9c6310d656a8a9a2,9b32ea2333917ee2632ba7ae7675643f,chemicals,8.25,1.0
KV,kevlar,76e7790d43219588122f401f2b9f0534,7028d7d532ccd4c6c878b069e7bbb634,textiles,1.649999976158142,1.0
LBH,lightweightBulkhead,772408d48cf5842fb003698aaa7a6a94,ef423f673d9e8c82043b4c5c63f6b55e,construction prefabs,0.20000000298023224,0.6000000238418579
LC,scientistClothing,d6c283d4480cacbca31bec0bbb55b940,3f047ec3043bdd795fd7272d6be98799,consumables (basic),0.05000000074505806,0.05000000074505806
LCB,largeCargoBay,d140bdc3f13c831ab8931e330c8d6120,b7102e43e58120a254cf161c226d4177,ship kits,200.0,200.0
LCR,liquidCrystals,17a9e15840c1d90848c5e59949f7abc2,9b32ea2333917ee2632ba7ae7675643f,chemicals,0.15000000596046448,0.10000000149011612
LD,localDatabase,2fae5ed4c15f7d668b9e708dbfc77008,ebec0c297d5b499a84dd051fa6f7c8ec,software components,0.0010000000474974513,0.009999999776482582
LDE,lightweightDeckElements,3010d90fde69729f4754b092fdcda826,ef423f673d9e8c82043b4c5c63f6b55e,construction prefabs,0.10000000149011612,1.2000000476837158
LDI,laserDiode,291cd8f5c28b371afe0793f78f5499a8,5e022d8f199de1c70f8de4dfd2fdef64,electronic pieces,0.0010000000474974513,0.0010000000474974513
LES,liquidEinsteinium,14d35a43454dd8e9797fc36f4ee59698,473218d3618453bf25d2cd0b5616a72f,liquids,8.84000015258789,1.0
LFE,largeEmitter,e892dd87f4f499f96bdbaa2ca5965ce9,16b943147bb16fe84c0d62de8a4316a7,ship engines,0.4000000059604645,1.600000023841858
LFL,largeFtlTank,98750f7d48ab2115293c8a8334b0120e,b7102e43e58120a254cf161c226d4177,ship kits,60.0,10.0
LFP,lowHeatFuelPump,b2ba495fc0643c5e5c71195be14aef0e,16b943147bb16fe84c0d62de8a4316a7,ship engines,0.5,0.10000000149011612
LHP,lightweightHullPlate,f3f12b5b3adebdd25f3067e5aa4589f0,d23b9225010ad7978e5496e55359e19b,ship parts,4.0,10.0
LI,lithium,295bef52967a15fda26f5968976d29b8,cae48680d4c4e6f98d593a8c3778cb56,metals,0.550000011920929,1.0
LIO,lithiumOre,6dd01a9f12e493d44bbb8ce578f7a2d2,4c0430b40fbf7fa175ed4a5a13682c6f,ores,2.75,1.0
LIS,lifeSupportSystem,05be9d04aad5bb7ea6ed6db76102399f,1e1a3a579c46d5f9c4e9959650c6b7a3,electronic systems,5.599999904632568,7.0
LIT,neonLightingSystem,3395e6f815495c32d54823f350e5c15d,f8aebc7dd84ce14fae131aa0203d4498,construction parts,1.0,2.0
LOG,logisticsSystem,d0d20f604c3b3348cad620a02c664d57,1e1a3a579c46d5f9c4e9959650c6b7a3,electronic systems,0.5,1.5
LSE,lightweightStructuralElements,8d4e0986419d2769fe50ac6497be6b7e,ef423f673d9e8c82043b4c5c63f6b55e,construction prefabs,0.30000001192092896,1.2000000476837158
LSL,largeStlTank,684d77b82143e23d746461d1a55a6711,b7102e43e58120a254cf161c226d4177,ship kits,125.0,100.0
LST,limestone,1f9a0293d9ba9bf519f71432e695edeb,79f3917448cc4f6034ece865c41aea34,minerals,2.7300000190734863,1.0
LTA,lightweightWindow,b29a0e901300857a8672f0643f7d796a,ef423f673d9e8c82043b4c5c63f6b55e,construction prefabs,0.30000001192092896,0.5
LU,laboratoryUnit,1b05fb8506fcd5be63a465171dd4c656,2c6ca18d24e03fc9250d8ca7d577568b,unit prefabs,8.0,6.0
MAG,magnetite,24a2518b138203909eb13f330ac298d3,79f3917448cc4f6034ece865c41aea34,minerals,5.150000095367432,1.0
MAI,carbohydrateMaize,a381f9434f9105a4f8179f6c6cffe007,510e7751c0eb6a51fd0fa73565365d1c,agricultural products,1.2999999523162842,1.0
MB,motherBoard,0995a123c2c2e60c9b0d4f120abac7bb,8e15000dfbda2f46ce73458deaeeb358,electronic parts,0.07500000298023224,0.07500000298023224
MCB,mediumCargoBay,ca35c8015a968c985e6a2a8fbb6b7664,b7102e43e58120a254cf161c226d4177,ship kits,100.0,100.0
MCG,mineralConstructionGranulate,cc5fb1618f0506e80bfbcee9ae2605ab,156bbcce730fba6169338d560f05fd26,construction materials,0.23999999463558197,0.10000000149011612
MEA,scientistFood,a5de3e325e87c874fe395949728bb276,3f047ec3043bdd795fd7272d6be98799,consumables (basic),0.6000000238418579,0.5
MED,technicianHealth,5d36829593b5fd61674320cd66e4bb5c,3f047ec3043bdd795fd7272d6be98799,consumables (basic),0.30000001192092896,0.10000000149011612
MFE,mediumEmitter,943fff6ce1b470ea031432a15a9afe47,16b943147bb16fe84c0d62de8a4316a7,ship engines,0.20000000298023224,0.800000011920929
MFK,fastenerKitMedium,432414a579f1fccd66136b257eb44408,5e022d8f199de1c70f8de4dfd2fdef64,electronic pieces,0.10000000149011612,0.05000000074505806
MFL,mediumFtlTank,4fce81e03539c346cc5c493c197eac69,b7102e43e58120a254cf161c226d4177,ship kits,24.0,4.0
MG,magnesium,833efac228452f5d770c0693c3fb3d50,ef1d03e7ef924395c2173fc4e4ee8a6f,elements,0.27000001072883606,0.1599999964237213
MGC,magneticFloor,4f26e8b4f9cb1373311fcd3323a53bdd,f8aebc7dd84ce14fae131aa0203d4498,construction parts,0.6000000238418579,0.8999999761581421
MGS,magnesite,51531f3012276e93e60cb06b194bac7f,79f3917448cc4f6034ece865c41aea34,minerals,1.7300000190734863,1.0
MHL,metalHalideLamp,9282cf0c801f5b5adcee3b44621ea1bb,f8aebc7dd84ce14fae131aa0203d4498,construction parts,0.10000000149011612,0.05000000074505806
MHP,microHeadphones,33ae4b6e0e01638f33a18ab9b0bf917d,19d621bb3f297c0425e34cdf0b138ece,electronic devices,0.0010000000474974513,0.0010000000474974513
MLI,machineLearningInterface,4d3d0c15f18a19ec8147adb0f3bd39e6,ebec0c297d5b499a84dd051fa6f7c8ec,software components,0.0010000000474974513,0.009999999776482582
MPC,microProcessor,ef1a8b643e865195823ec884b3343c6a,8e15000dfbda2f46ce73458deaeeb358,electronic parts,0.0010000000474974513,0.0010000000474974513
MSL,mediumStlTank,11fa820041249299d95d85191dc378fc,b7102e43e58120a254cf161c226d4177,ship kits,50.0,50.0
MTC,megaTubeCoating,edea6e957426c9531b19ce53fec47ae7,156bbcce730fba6169338d560f05fd26,construction materials,0.03200000151991844,0.009999999776482582
MTP,meat,52cc5c8aeab6bb1778e7ce93a1bbdc80,510e7751c0eb6a51fd0fa73565365d1c,agricultural products,0.699999988079071,1.0
MUS,mushrooms,005252da5904d755c10d3abd4442bdeb,510e7751c0eb6a51fd0fa73565365d1c,agricultural products,0.800000011920929,1.0
MWF,waferMedium,ef36cda3528c490360fa8d513a53e6c6,5e022d8f199de1c70f8de4dfd2fdef64,electronic pieces,0.00800000037997961,0.00800000037997961
N,nitrogen,5d59ddddb1ce9a26eb81b78b8378b3ac,54dec1e42eba44dda423dd774393326a,gases,0.8069999814033508,1.0
NA,sodium,11ec662cd8ba85e87b111a7ba7aa4973,ef1d03e7ef924395c2173fc4e4ee8a6f,elements,0.9700000286102295,1.0
NAB,sodiumBorohydride,710cb599231cd6b974bcc5feea9603c7,9b32ea2333917ee2632ba7ae7675643f,chemicals,0.10000000149011612,0.05000000074505806
NCS,nanoCarbonSheeting,08b3d1994643df5efe095b335be3a029,156bbcce730fba6169338d560f05fd26,construction materials,0.02800000086426735,0.009999999776482582
NE,neon,adca908f9dd26ff505d01bc5ffc0d2e1,54dec1e42eba44dda423dd774393326a,gases,0.8999999761581421,1.0
NF,networkingFramework,d26bd2ac52ea6061a923f000cd104967,ebec0c297d5b499a84dd051fa6f7c8ec,software components,0.0010000000474974513,0.009999999776482582
NFI,nanoFiber,2689b2d4859b0cb73e7efa9466301297,156bbcce730fba6169338d560f05fd26,construction materials,0.03200000151991844,0.009999999776482582
NG,nanoGlass,8faa9fb6d21ebd5731043b0c122bc5b6,156bbcce730fba6169338d560f05fd26,construction materials,0.02199999988079071,0.009999999776482582
NL,nylon,12fb94d0184c18455533bffb4b8b7e51,7028d7d532ccd4c6c878b069e7bbb634,textiles,1.1299999952316284,1.0
NN,neuralNetwork,c06935922eac3dccb7d7a368a899d309,1dfe943824ceb52d332b4650ce457218,software tools,0.0010000000474974513,0.009999999776482582
NOZ,basicNozzle,f4cb7556739ec63fe3e019ee0f798263,16b943147bb16fe84c0d62de8a4316a7,ship engines,3.0,1.5
NR,nanoResin,17229492d319a4d6a5d0d45ee5bef188,9b32ea2333917ee2632ba7ae7675643f,chemicals,0.05000000074505806,0.05000000074505806
NS,nutrientSolution,d9cfb2948188f49bfae2b6d9972837c8,9b32ea2333917ee2632ba7ae7675643f,chemicals,0.6000000238418579,0.5
NST,scientistLuxuryHealth,a636755a8531daa76ab6b1f95fd5d5e3,8a0bd8b6a329c3d632da9da63c818b3d,consumables (luxury),0.05000000074505806,0.05000000074505806
NUT,fattyNuts,87488698340ed6d9db87e26e35360c20,510e7751c0eb6a51fd0fa73565365d1c,agricultural products,0.8999999761581421,1.0
NV1,navigation1,e8e7a34cb5e2a62aaf8d83dc79d81ee5,d23b9225010ad7978e5496e55359e19b,ship parts,4.199999809265137,2.0
NV2,navigation2,ccdecb3fc5eb9f0d04c67cc1c9fb47dd,d23b9225010ad7978e5496e55359e19b,ship parts,6.699999809265137,3.0
O,oxygen,6e16dbf050b98d9c4fc9c615b3367a0f,54dec1e42eba44dda423dd774393326a,gases,1.1410000324249268,1.0
OFF,officeSupplies,26c05c3b63aa57025e68dd67d0001ba2,4eb124000ee0e38af1daf5aced313823,utility,0.019999999552965164,0.20000000298023224
OLF,olfactorySubstances,aa6636f6018e23e92e52aa74d65e3b7a,9b32ea2333917ee2632ba7ae7675643f,chemicals,0.009999999776482582,0.0010000000474974513
OS,operatingSystem,8bdcb737ea5ad7fde81d2b8c78cfd0aa,1dfe943824ceb52d332b4650ce457218,software tools,0.0010000000474974513,0.009999999776482582
OVE,pioneerClothing,9788890100fd2191fb065cb0d5e624cb,3f047ec3043bdd795fd7272d6be98799,consumables (basic),0.019999999552965164,0.02500000037252903
PBU,pioneerBundle,0d47794b3f8331f4b945a0dcd56d7d41,1237e1d7ac57367e39b6a2406ca4dadc,consumable bundles,13.0,8.0
PCB,printedCircuitBoard,9da5f471dfc7759a11858456e74fbc8f,8e15000dfbda2f46ce73458deaeeb358,electronic parts,0.05000000074505806,0.05000000074505806
PDA,engineerTools,1d2a14dda2d950fe0dfa51cb76e79e54,3f047ec3043bdd795fd7272d6be98799,consumables (basic),0.0020000000949949026,0.0020000000949949026
PE,polyEthylene,ee8e92a632d1b5f4847fe9d4e376aeca,6316282906a9f68b0c7bb4396a26aa95,plastics,0.009999999776482582,0.009999999776482582
PFE,premiumFertilizer,d767c625cdf6f6f97df9fe8e49766912,9b32ea2333917ee2632ba7ae7675643f,chemicals,0.8999999761581421,1.0
PFG,polarityFieldGenerator,a3df77b3455fc17fa676d0131550152c,5aac3f26a7e93c5999cfa593dcddd4e1,infrastructure,80.0,65.0
PG,polymerGranulate,64666b2eb0faaba594a62818e48229b8,6316282906a9f68b0c7bb4396a26aa95,plastics,0.0020000000949949026,0.0010000000474974513
PIB,pineberries,746983ed94132dfa021aac40b67754b2,510e7751c0eb6a51fd0fa73565365d1c,agricultural products,0.30000001192092896,1.0
PK,painkillers,4854eb1479ec6225b01d337a172d7b02,ef05c6b81cf109f142dd415ce6d36e67,medical equipment,0.0010000000474974513,0.0010000000474974513
POW,powerCell,edb9e2c57c966f28c66f441bda0b030f,0509ed0a396f5a004d24ef08e33786fb,energy systems,0.05000000074505806,0.10000000149011612
PPA,proteinPaste,5f2011b6c605256dfa4626776cc7cf3c,510e7751c0eb6a51fd0fa73565365d1c,agricultural products,2.0,1.0
PSH,pressureShielding,eebc3c4618186afa73bbe0a19be73eed,f8aebc7dd84ce14fae131aa0203d4498,construction parts,4.199999809265137,0.800000011920929
PSL,largePlasticsBoard,db4fbfd5c434a3952e7e1d37ae36158f,6316282906a9f68b0c7bb4396a26aa95,plastics,0.07999999821186066,0.800000011920929
PSM,mediumPlasticsBoard,d1da92df0f3cd523b647245fb79b5025,6316282906a9f68b0c7bb4396a26aa95,plastics,0.03999999910593033,0.4000000059604645
PSS,smallPlasticsBoard,7f1b9df7face3f9b3d99e34f9a51c6b2,6316282906a9f68b0c7bb4396a26aa95,plastics,0.009999999776482582,0.10000000149011612
PT,settlerTools,b5744244bb7913cee262ec29abc3b9d0,3f047ec3043bdd795fd7272d6be98799,consumables (basic),0.25,0.20000000298023224
PWO,pioneerLuxuryClothing,820d081096fd3e8fbd98b4344f6250ad,8a0bd8b6a329c3d632da9da63c818b3d,consumables (luxury),0.05000000074505806,0.05000000074505806
QCR,quickChargeReactor,07ba4d80010a9d5c869aa6f05ea78208,16b943147bb16fe84c0d62de8a4316a7,ship engines,14.0,10.0
RAD,radioDevice,c8e78ba6113f8db69d14ae620ddbad06,19d621bb3f297c0425e34cdf0b138ece,electronic devices,0.003000000026077032,0.004999999888241291
RAG,radioisotopeGenerator,c855d1fe267c1f5fca20459db2bcd1b0,16b943147bb16fe84c0d62de8a4316a7,ship engines,5.0,3.4000000953674316
RAM,memoryBank,206aa44d627bd8e886a20c565b4bd058,8e15000dfbda2f46ce73458deaeeb358,electronic parts,0.0010000000474974513,0.0010000000474974513
RAT,rations,83dd61885cf6879ff49fe1419f068f10,3f047ec3043bdd795fd7272d6be98799,consumables (basic),0.20999999344348907,0.10000000149011612
RBH,reinforcedBulkhead,9930460f6d54364954dcf0af905029c5,ef423f673d9e8c82043b4c5c63f6b55e,construction prefabs,2.4000000953674316,0.8999999761581421
RCO,cottonRaw,1205efe7810a94592524a53e87c3299b,510e7751c0eb6a51fd0fa73565365d1c,agricultural products,0.949999988079071,1.0
RCS,reactorControlSystem,e5bea4cd29eccc0162885f338cd1c235,16b943147bb16fe84c0d62de8a4316a7,ship engines,0.6700000166893005,0.5
RCT,standardReactor,17147bdc09c3762514c78f12dc17b79a,16b943147bb16fe84c0d62de8a4316a7,ship engines,7.0,4.0
RDE,reinforcedDeckElements,165dab5e1f913b2a4769f57f64c2505e,ef423f673d9e8c82043b4c5c63f6b55e,construction prefabs,1.399999976158142,1.5
RDL,largeShipRepairDroneUnit,4d7a3d9cf07cd3c3be0cd0092afd0ea8,2c6ca18d24e03fc9250d8ca7d577568b,unit prefabs,150.0,30.0
RDS,smallShipRepairDroneUnit,addf3b08bfd443feb2c5f51c776155f5,2c6ca18d24e03fc9250d8ca7d577568b,unit prefabs,50.0,10.0
RE,rhenium,3643069b469e68db439510dd551ad025,cae48680d4c4e6f98d593a8c3778cb56,metals,3.200000047683716,1.0
REA,chemicalReagents,dd806abbca77956b09bc043c1633f51e,9b32ea2333917ee2632ba7ae7675643f,chemicals,0.05000000074505806,0.05000000074505806
RED,rescueDrone,0700a1ac4bfbbb10fbe08f9a3c08bc13,6eb09f14ed9fec3d0407114be8bc8882,drones,0.30000001192092896,0.05000000074505806
REO,rheniumOre,21dd9e8e792b601949b9024991244f9e,4c0430b40fbf7fa175ed4a5a13682c6f,ores,12.800000190734863,1.0
REP,settlerLuxuryTools,7171933481f022ca74200b216f98ca60,8a0bd8b6a329c3d632da9da63c818b3d,consumables (luxury),0.006000000052154064,0.0020000000949949026
RG,reinforcedTranslucentMaterial,11205b2106f47b28c189a82494733841,156bbcce730fba6169338d560f05fd26,construction materials,0.03200000151991844,0.009999999776482582
RGO,goldCopperAlloy,184e8b2fa39edeeb942a838c7502bcc1,37e95782d80aa1c1ded89f2c4b834dd0,alloys,19.31999969482422,1.0
RHP,reinforcedHullPlate,e59f70623448014f8fac5af9922de5c3,d23b9225010ad7978e5496e55359e19b,ship parts,10.0,10.0
ROM,nonVolatileMemory,23b9ee06710318a6d3e9eec4d0b58cb7,8e15000dfbda2f46ce73458deaeeb358,electronic parts,0.0010000000474974513,0.0010000000474974513
RSE,reinforcedStructuralElements,0fd977ac87d641a5bfcadea33e24641c,ef423f673d9e8c82043b4c5c63f6b55e,construction prefabs,1.899999976158142,0.699999988079071
RSH,radiationShielding,3b32f1da809a1cd9083a22f7aa0c8af2,f8aebc7dd84ce14fae131aa0203d4498,construction parts,3.700000047683716,0.800000011920929
RSI,silkRaw,81dabbc84c110d1214ac8e090592ad31,510e7751c0eb6a51fd0fa73565365d1c,agricultural products,1.100000023841858,1.0
RTA,reinforcedWindow,a24540c6c24595ca5bf47f091f11c8f9,ef423f673d9e8c82043b4c5c63f6b55e,construction prefabs,1.5,0.5
S,sulfur,2f2863037da2f5b88e13609b2cc21e3b,ef1d03e7ef924395c2173fc4e4ee8a6f,elements,0.5199999809265137,0.25
SA,searchAlgorithm,cebf6ae4dbea53789660ed6b9a4a5e86,ebec0c297d5b499a84dd051fa6f7c8ec,software components,0.0010000000474974513,0.009999999776482582
SAL,sortingAlgorithm,460c114b10d44a8ac99f7a0a47910f42,ebec0c297d5b499a84dd051fa6f7c8ec,software components,0.0010000000474974513,0.009999999776482582
SAR,sensorArray,5c9630043c3f2d66206977ae394d8cf0,19d621bb3f297c0425e34cdf0b138ece,electronic devices,1.7000000476837158,2.0
SBU,settlerBundle,d4068898d1dbd1eab014050453eb4cef,1237e1d7ac57367e39b6a2406ca4dadc,consumable bundles,20.0,13.0
SC,technicianLuxuryHealth,5952bfbf043018679334e7ea71b1504e,8a0bd8b6a329c3d632da9da63c818b3d,consumables (luxury),0.03999999910593033,0.009999999776482582
SCB,smallCargoBay,c006dedb53cf3bb8cb964c8151d9a744,b7102e43e58120a254cf161c226d4177,ship kits,50.0,50.0
SCN,technicianTools,66369803dbe73bee8a78105d3ca00554,3f047ec3043bdd795fd7272d6be98799,consumables (basic),0.0010000000474974513,0.0010000000474974513
SCR,sulfurCrystals,a4a8a25d01f80586f7bad3488fa11f36,79f3917448cc4f6034ece865c41aea34,minerals,2.049999952316284,1.0
SDM,shockwaveDampeningModule,60323fea22b8182e1a5fd8191ba542ef,5aac3f26a7e93c5999cfa593dcddd4e1,infrastructure,500.0,500.0
SDR,surgicalDrone,663f2e01b48535883100f1e16fc75f45,6eb09f14ed9fec3d0407114be8bc8882,drones,0.30000001192092896,0.05000000074505806
SEA,sealant,04970fd8cd9c3bc423b46503985e55de,156bbcce730fba6169338d560f05fd26,construction materials,0.15000000596046448,0.07000000029802322
SEN,sensor,cbb28f4ebfa4e7b26f09d5b585608e3d,8e15000dfbda2f46ce73458deaeeb358,electronic parts,0.0010000000474974513,0.0010000000474974513
SEQ,surgicalEquipment,4094d1cf6704085fbe6ff7a6e1862e4a,ef05c6b81cf109f142dd415ce6d36e67,medical equipment,0.0010000000474974513,0.009999999776482582
SF,stlFuel,7756a0779efe67f0f293f41eda4944d4,ba98fa0cf77040a96cd8a608ad0d08e9,fuels,0.05999999865889549,0.05999999865889549
SFE,smallEmitter,bbfa7555fbfa8ef2852d4479f7aa703e,16b943147bb16fe84c0d62de8a4316a7,ship engines,0.10000000149011612,0.4000000059604645
SFK,fastenerKitSmall,24cb7e11e07449e2a6966b92d4ee307d,5e022d8f199de1c70f8de4dfd2fdef64,electronic pieces,0.03999999910593033,0.019999999552965164
SFL,smallFtlTank,e8b8b2f9a1e27ff69fe0c15b25a1d424,b7102e43e58120a254cf161c226d4177,ship kits,9.0,1.5
SI,silicon,69e09abe369419b53675148d64164b3a,cae48680d4c4e6f98d593a8c3778cb56,metals,2.3289999961853027,1.0
SIL,silkProcessed,8302200bd88502383e932ae257bcb9b4,7028d7d532ccd4c6c878b069e7bbb634,textiles,1.2100000381469727,1.0
SIO,siliconOre,eeff5ee913d34354be84177847fbfe48,4c0430b40fbf7fa175ed4a5a13682c6f,ores,1.7899999618530273,1.0
SNM,universeMap,0247f5b671722c53f2bb4cb83af68f2b,9e8bc2a092cc3361b6949eca3e95921a,software systems,0.0010000000474974513,0.009999999776482582
SOI,artificialSoil,93fb7db0a58375534661afd0dc88f4ad,9b32ea2333917ee2632ba7ae7675643f,chemicals,0.8999999761581421,1.0
SOL,solarCell,bda47fe5bfb1769235f9447569b0d369,0509ed0a396f5a004d24ef08e33786fb,energy systems,0.014999999664723873,0.009999999776482582
SP,solarPanel,4602969555899f2a4955e3b08d2fbdb6,0509ed0a396f5a004d24ef08e33786fb,energy systems,0.15000000596046448,0.10000000149011612
SPT,spaceTether,0bff5df7021b879dcdb098358d150473,5aac3f26a7e93c5999cfa593dcddd4e1,infrastructure,1.7999999523162842,5.0
SRD,shipRepairDrone,9c418f805a867af115600ac3657cce0d,6eb09f14ed9fec3d0407114be8bc8882,drones,0.30000001192092896,0.05000000074505806
SRP,specializedRadiationShielding,9e783e064cfecd477c04cd25f0cf0389,a8e32e7e16219394989aea62fc0cd943,ship shields,0.10000000149011612,0.20000000298023224
SSC,structuralSpacecraftComponent,b700f9670131981590e77238d7c207d3,d23b9225010ad7978e5496e55359e19b,ship parts,1.0,1.0
SSL,smallStlTank,251192d17a5b0e770cd3681383a495fd,b7102e43e58120a254cf161c226d4177,ship kits,20.0,20.0
SST,singularityStabilizer,cbf2cde8669ec88def5eff94f58b60bb,5aac3f26a7e93c5999cfa593dcddd4e1,infrastructure,1500.0,500.0
STL,steel,aaef669fed967abcfc188df59e1c4f4b,cae48680d4c4e6f98d593a8c3778cb56,metals,7.849999904632568,1.0
STR,medicalStretcher,3ca4ad9d9fa814530aa9ba66b74c1d06,ef05c6b81cf109f142dd415ce6d36e67,medical equipment,0.009999999776482582,1.0
STS,stabilitySupportSystem,83cadb15cbdc91cbdf616710b05afb34,1e1a3a579c46d5f9c4e9959650c6b7a3,electronic systems,0.10000000149011612,0.10000000149011612
SU,surgeryUnit,04aac5d04eadadd5a34806f60334abc3,2c6ca18d24e03fc9250d8ca7d577568b,unit prefabs,6.0,5.0
SUD,surveillanceDrone,08f48a785d3012a7fcfa7e0c3e2c571c,6eb09f14ed9fec3d0407114be8bc8882,drones,0.30000001192092896,0.05000000074505806
SUN,safetyUniform,e8308b1283cb813e2962d64fdb42ec33,4eb124000ee0e38af1daf5aced313823,utility,0.05000000074505806,0.05000000074505806
SWF,waferSmall,f1778b3b4e6643f6424e01ffb79e87a0,5e022d8f199de1c70f8de4dfd2fdef64,electronic pieces,0.003000000026077032,0.003000000026077032
TA,tantalum,f2b6f7e3711dc54e44da33efec4aadb7,ef1d03e7ef924395c2173fc4e4ee8a6f,elements,16.649999618530273,1.0
TAC,targetingComputer,346d2efba85c3e9c1f874fa6845e8c23,1e1a3a579c46d5f9c4e9959650c6b7a3,electronic systems,0.15000000596046448,1.0
TAI,tantalite,ea550373234a7c171de0f525922af5be,79f3917448cc4f6034ece865c41aea34,minerals,7.940000057220459,1.0
TBU,technicianBundle,ea76195ce185b40e800502a66194d5a0,1237e1d7ac57367e39b6a2406ca4dadc,consumable bundles,24.0,16.0
TC,technetium,fc7f4fd0177c86ab262a99c9bde5a0d0,ef1d03e7ef924395c2173fc4e4ee8a6f,elements,11.800000190734863,1.0
TCB,tinyCargoBay,3aa3bc318e699090ecfbe327f044a219,b7102e43e58120a254cf161c226d4177,ship kits,20.0,20.0
TCL,tclAcid,97ba20adb4d05fdcf365048b6878eaa7,9b32ea2333917ee2632ba7ae7675643f,chemicals,0.09000000357627869,0.10000000149011612
TCO,technetiumOxide,a0f92faf8cf9487b04fda968030527bf,79f3917448cc4f6034ece865c41aea34,minerals,9.800000190734863,1.0
TCS,technetiumStabilizers,ccfd9b3d2d89ab9876ef33f7e915294f,f8aebc7dd84ce14fae131aa0203d4498,construction parts,3.4000000953674316,1.2000000476837158
TCU,traumaCareUnit,7923f6f2e04ed63a27fed11aa350a48b,2c6ca18d24e03fc9250d8ca7d577568b,unit prefabs,5.0,4.0
THF,thermoFluid,580c70e310bcd1543a46116d6be612e5,9b32ea2333917ee2632ba7ae7675643f,chemicals,0.6000000238418579,0.3499999940395355
THP,basicThermalProtectionMaterial,683145c220ccb5ed327326d7c4e26c6d,d23b9225010ad7978e5496e55359e19b,ship parts,2.200000047683716,1.0
TI,titanium,59dc3f23a82660bb9816d4a28775bd17,cae48680d4c4e6f98d593a8c3778cb56,metals,4.5,1.0
TIO,titaniumOre,4e66cc6157f132ba934a79ae38776521,4c0430b40fbf7fa175ed4a5a13682c6f,ores,1.5800000429153442,1.0
TK,technoKevlar,563f37e86831a8361e79fa62ebe059eb,7028d7d532ccd4c6c878b069e7bbb634,textiles,1.8899999856948853,1.0
TOR,torusSegment,1ca3caf43fd0fea8a67522ae6ebf1af0,5aac3f26a7e93c5999cfa593dcddd4e1,infrastructure,700.0,200.0
TPU,tensorProcessingUnit,7cc9acecdf3e9565c9b4cbe9c96f0ab5,8e15000dfbda2f46ce73458deaeeb358,electronic parts,0.0020000000949949026,0.0020000000949949026
TRA,audioTransmitter,b805d86e129e9cf885ac92fabc6aa59f,8e15000dfbda2f46ce73458deaeeb358,electronic parts,0.004999999888241291,0.0020000000949949026
TRN,transistor,1c9b53bea13393865b625d8310bd2ced,5e022d8f199de1c70f8de4dfd2fdef64,electronic pieces,0.0010000000474974513,0.0010000000474974513
TRS,tensionReliefStructure,3a65b32e1c0af942aa911ef541008b1e,5aac3f26a7e93c5999cfa593dcddd4e1,infrastructure,50.0,50.0
TRU,truss,ec53c7423b75ca0d868f9580ae921561,f8aebc7dd84ce14fae131aa0203d4498,construction parts,0.10000000149011612,1.5
TS,tectosilisite,a2e3d2f078583c564476f8d4062c2d1a,79f3917448cc4f6034ece865c41aea34,minerals,2.4000000953674316,1.0
TSH,thermalShielding,56afb81e665cf39883cdffbb26f81bf5,f8aebc7dd84ce14fae131aa0203d4498,construction parts,2.4000000953674316,1.5
TUB,testTubes,9a1ae6a2b5bd58d6ea3ec91c9499cfc4,ef05c6b81cf109f142dd415ce6d36e67,medical equipment,0.0020000000949949026,0.0020000000949949026
UTS,universalToolset,22b3e4f9114304fb15a093e2b8f22a91,4eb124000ee0e38af1daf5aced313823,utility,0.05000000074505806,0.05000000074505806
VCB,highVolumeCargoBay,4f44983ac27bcbac1f0fd4af7b5a2b7b,b7102e43e58120a254cf161c226d4177,ship kits,200.0,200.0
VEG,fattyVegetables,cc2dcb3699225b81cf63bf3e044a4f05,510e7751c0eb6a51fd0fa73565365d1c,agricultural products,1.100000023841858,1.0
VF,vortexStimulationFuel,76afd4e7e388072fbb01051c4ad8afde,ba98fa0cf77040a96cd8a608ad0d08e9,fuels,0.10000000149011612,0.10000000149011612
VFT,vortexFuelTank,aaa4b2b80deb387726d8845630874446,b7102e43e58120a254cf161c226d4177,ship kits,1000.0,1000.0
VG,engineerLuxuryHealth,9c80515790fcd5fefc84d56c80f4bb2a,8a0bd8b6a329c3d632da9da63c818b3d,consumables (luxury),0.20999999344348907,0.10000000149011612
VIT,vitaEssence,44424f913bab7837217786c8543bf44e,510e7751c0eb6a51fd0fa73565365d1c,agricultural products,0.8999999761581421,1.0
VOE,vortexEngine,f61588ec7828cc953e8199bd8a0c2edb,16b943147bb16fe84c0d62de8a4316a7,ship engines,40.0,35.0
VOR,vortexReactor,c81dbc5e1758121fe9acb067d89b6a05,16b943147bb16fe84c0d62de8a4316a7,ship engines,35.0,30.0
VSC,verySmallCargoBay,6fb814bde2cab570e5d8717251b96c00,b7102e43e58120a254cf161c226d4177,ship kits,35.0,35.0
W,wolfram,96b43016ff0f9872d92a35196045c07d,cae48680d4c4e6f98d593a8c3778cb56,metals,7.519000053405762,1.0
WAI,weakArtificalIntelligence,4b78d4a814b42073673aecab2e7c5dbc,9e8bc2a092cc3361b6949eca3e95921a,software systems,0.0010000000474974513,0.009999999776482582
WAL,tungstenAluminiumAlloy,21da4b6b92096523c67d016f97e7cc09,37e95782d80aa1c1ded89f2c4b834dd0,alloys,6.25,1.0
WCB,highLoadCargoBay,cc7eb7e114d1c7f0db547595d683850a,b7102e43e58120a254cf161c226d4177,ship kits,200.0,200.0
WIN,scientistLuxuryDrink,9030ca612b7a761bc458240461fc8057,8a0bd8b6a329c3d632da9da63c818b3d,consumables (luxury),0.10000000149011612,0.10000000149011612
WM,windowManager,a64beff205f211baec5a6d782cd6ec87,ebec0c297d5b499a84dd051fa6f7c8ec,software components,0.0010000000474974513,0.009999999776482582
WOR,handcraftWorkshopUnit,34c4ff00c83e6b8f247f9b3948f7fe1a,2c6ca18d24e03fc9250d8ca7d577568b,unit prefabs,5.0,5.0
WR,waterRecycler,1e7c5ae5b1518398b98e2ffdb28c0934,1e1a3a579c46d5f9c4e9959650c6b7a3,electronic systems,6.400000095367432,5.0
WRH,wolfrhenium,0253e010aee37786b8e0b7220db60527,37e95782d80aa1c1ded89f2c4b834dd0,alloys,6.920000076293945,1.0
WS,scientistTools,a4eeeb1b4c85b0637cfa7ca0a47c78d6,3f047ec3043bdd795fd7272d6be98799,consumables (basic),0.05000000074505806,0.5
ZIR,zircon,82583e13472538b113667abc82421bda,79f3917448cc4f6034ece865c41aea34,minerals,4.849999904632568,1.0
ZR,zirconium,e2a7a3a35c5e390f42db1faa468459dd,ef1d03e7ef924395c2173fc4e4ee8a6f,elements,6.53000020980835,1.0
